{"architecture":"amd64","config":{"Hostname":"","Domainname":"","User":"app","AttachStdin":false,"AttachStdout":false,"AttachStderr":false,"Tty":false,"OpenStdin":false,"StdinOnce":false,"Env":["PATH=/usr/local/sbin:/usr/local/bin:/usr/sbin:/usr/bin:/sbin:/bin","NODE_VERSION=10.12.0","YARN_VERSION=1.10.1","NPM_CONFIG_LOGLEVEL=warn","cgi_headers=true","fprocess=node index.js","mode=http","upstream_url=http://127.0.0.1:3000","exec_timeout=10s","write_timeout=15s","read_timeout=15s"],"Cmd":["fwatchdog"],"Healthcheck":{"Test":["CMD-SHELL","[ -e /tmp/.lock ] || exit 1"],"Interval":3000000000},"Image":"sha256:2e6a35e72f8731618805de06226d8ccd1b67bbc67892f47dc4688d80a6b806b7","Volumes":null,"WorkingDir":"/home/app/","Entrypoint":null,"OnBuild":[],"Labels":null},"container":"a7c43e359477a7c7f03f13c1dd008d560bf4dc6317262e49bbacb799fc110ca5","container_config":{"Hostname":"a7c43e359477","Domainname":"","User":"app","AttachStdin":false,"AttachStdout":false,"AttachStderr":false,"Tty":false,"OpenStdin":false,"StdinOnce":false,"Env":["PATH=/usr/local/sbin:/usr/local/bin:/usr/sbin:/usr/bin:/sbin:/bin","NODE_VERSION=10.12.0","YARN_VERSION=1.10.1","NPM_CONFIG_LOGLEVEL=warn","cgi_headers=true","fprocess=node index.js","mode=http","upstream_url=http://127.0.0.1:3000","exec_timeout=10s","write_timeout=15s","read_timeout=15s"],"Cmd":["/bin/sh","-c","#(nop) ","CMD [\"fwatchdog\"]"],"Healthcheck":{"Test":["CMD-SHELL","[ -e /tmp/.lock ] || exit 1"],"Interval":3000000000},"Image":"sha256:2e6a35e72f8731618805de06226d8ccd1b67bbc67892f47dc4688d80a6b806b7","Volumes":null,"WorkingDir":"/home/app","Entrypoint":null,"OnBuild":[],"Labels":{}},"created":"2020-03-31T00:05:12.6921147Z","docker_version":"19.03.5","history":[{"created":"2018-09-11T22:19:50.165674013Z","created_by":"/bin/sh -c #(nop) ADD file:25c10b1d1b41d46a1827ad0b0d2389c24df6d31430005ff4e9a2d84ea23ebd42 in / "},{"created":"2018-09-11T22:19:50.322783064Z","created_by":"/bin/sh -c #(nop)  CMD [\"/bin/sh\"]","empty_layer":true},{"created":"2018-10-11T18:20:31.523911606Z","created_by":"/bin/sh -c #(nop)  ENV NODE_VERSION=10.12.0","empty_layer":true},{"created":"2018-10-11T18:44:04.193426239Z","created_by":"/bin/sh -c addgroup -g 1000 node     \u0026\u0026 adduser -u 1000 -G node -s /bin/sh -D node     \u0026\u0026 apk add --no-cache         libstdc++     \u0026\u0026 apk add --no-cache --virtual .build-deps         binutils-gold         curl         g++         gcc         gnupg         libgcc         linux-headers         make         python   \u0026\u0026 for key in     94AE36675C464D64BAFA68DD7434390BDBE9B9C5     FD3A5288F042B6850C66B31F09FE44734EB7990E     71DCFD284A79C3B38668286BC97EC7A07EDE3FC1     DD8F2338BAE7501E3DD5AC78C273792F7D83545D     C4F0DFFF4E8C1A8236409D08E73BC641CC11F4C8     B9AE9905FFD7803F25714661B63B535A4C206CA9     56730D5401028683275BD23C23EFEFE93C4CFFFE     77984A986EBC2AA786BC0F66B01FBB92821C587A     8FCCA13FEF1D0C2E91008E09770F7A9A5AE15600   ; do     gpg --keyserver hkp://p80.pool.sks-keyservers.net:80 --recv-keys \"$key\" ||     gpg --keyserver hkp://ipv4.pool.sks-keyservers.net --recv-keys \"$key\" ||     gpg --keyserver hkp://pgp.mit.edu:80 --recv-keys \"$key\" ;   done     \u0026\u0026 curl -fsSLO --compressed \"https://nodejs.org/dist/v$NODE_VERSION/node-v$NODE_VERSION.tar.xz\"     \u0026\u0026 curl -fsSLO --compressed \"https://nodejs.org/dist/v$NODE_VERSION/SHASUMS256.txt.asc\"     \u0026\u0026 gpg --batch --decrypt --output SHASUMS256.txt SHASUMS256.txt.asc     \u0026\u0026 grep \" node-v$NODE_VERSION.tar.xz\\$\" SHASUMS256.txt | sha256sum -c -     \u0026\u0026 tar -xf \"node-v$NODE_VERSION.tar.xz\"     \u0026\u0026 cd \"node-v$NODE_VERSION\"     \u0026\u0026 ./configure     \u0026\u0026 make -j$(getconf _NPROCESSORS_ONLN)     \u0026\u0026 make install     \u0026\u0026 apk del .build-deps     \u0026\u0026 cd ..     \u0026\u0026 rm -Rf \"node-v$NODE_VERSION\"     \u0026\u0026 rm \"node-v$NODE_VERSION.tar.xz\" SHASUMS256.txt.asc SHASUMS256.txt"},{"created":"2018-10-11T18:44:04.473080712Z","created_by":"/bin/sh -c #(nop)  ENV YARN_VERSION=1.10.1","empty_layer":true},{"created":"2018-10-11T18:44:08.268469722Z","created_by":"/bin/sh -c apk add --no-cache --virtual .build-deps-yarn curl gnupg tar   \u0026\u0026 for key in     6A010C5166006599AA17F08146C2130DFD2497F5   ; do     gpg --keyserver hkp://p80.pool.sks-keyservers.net:80 --recv-keys \"$key\" ||     gpg --keyserver hkp://ipv4.pool.sks-keyservers.net --recv-keys \"$key\" ||     gpg --keyserver hkp://pgp.mit.edu:80 --recv-keys \"$key\" ;   done   \u0026\u0026 curl -fsSLO --compressed \"https://yarnpkg.com/downloads/$YARN_VERSION/yarn-v$YARN_VERSION.tar.gz\"   \u0026\u0026 curl -fsSLO --compressed \"https://yarnpkg.com/downloads/$YARN_VERSION/yarn-v$YARN_VERSION.tar.gz.asc\"   \u0026\u0026 gpg --batch --verify yarn-v$YARN_VERSION.tar.gz.asc yarn-v$YARN_VERSION.tar.gz   \u0026\u0026 mkdir -p /opt   \u0026\u0026 tar -xzf yarn-v$YARN_VERSION.tar.gz -C /opt/   \u0026\u0026 ln -s /opt/yarn-v$YARN_VERSION/bin/yarn /usr/local/bin/yarn   \u0026\u0026 ln -s /opt/yarn-v$YARN_VERSION/bin/yarnpkg /usr/local/bin/yarnpkg   \u0026\u0026 rm yarn-v$YARN_VERSION.tar.gz.asc yarn-v$YARN_VERSION.tar.gz   \u0026\u0026 apk del .build-deps-yarn"},{"created":"2018-10-11T18:44:08.447237481Z","created_by":"/bin/sh -c #(nop)  CMD [\"node\"]","empty_layer":true},{"created":"2020-03-31T00:04:58.3033359Z","created_by":"/bin/sh -c #(nop) COPY file:402103df5810df1248c75a4227c8f4b3eafd51d9f5541fd0697b76097e513a4d in /usr/bin/fwatchdog "},{"created":"2020-03-31T00:04:59.2743614Z","created_by":"/bin/sh -c chmod +x /usr/bin/fwatchdog"},{"created":"2020-03-31T00:04:59.8928924Z","created_by":"/bin/sh -c addgroup -S app \u0026\u0026 adduser -S -g app app"},{"created":"2020-03-31T00:05:01.4776934Z","created_by":"/bin/sh -c apk --no-cache add ca-certificates"},{"created":"2020-03-31T00:05:01.6586388Z","created_by":"/bin/sh -c #(nop) WORKDIR /root/","empty_layer":true},{"created":"2020-03-31T00:05:01.8071411Z","created_by":"/bin/sh -c #(nop)  ENV NPM_CONFIG_LOGLEVEL=warn","empty_layer":true},{"created":"2020-03-31T00:05:02.4291133Z","created_by":"/bin/sh -c mkdir -p /home/app","empty_layer":true},{"created":"2020-03-31T00:05:02.6046994Z","created_by":"/bin/sh -c #(nop) WORKDIR /home/app","empty_layer":true},{"created":"2020-03-31T00:05:02.7571755Z","created_by":"/bin/sh -c #(nop) COPY file:8337bc480ed49854827c85ff1cf178777778877e6bfe51c1f3f909b9bdbf4966 in ./ "},{"created":"2020-03-31T00:05:06.9260429Z","created_by":"/bin/sh -c npm i"},{"created":"2020-03-31T00:05:07.1463543Z","created_by":"/bin/sh -c #(nop) COPY file:5a606f72868e217503b63cbb0cc2f417cc7e0c66b52c2dc5527b2904400a5731 in ./ "},{"created":"2020-03-31T00:05:07.320236Z","created_by":"/bin/sh -c #(nop) WORKDIR /home/app/function"},{"created":"2020-03-31T00:05:07.491553Z","created_by":"/bin/sh -c #(nop) COPY file:c44bbb83f7ee8a400a44d8102acd5c164f941db0db13abba070584e3653495d9 in ./ "},{"created":"2020-03-31T00:05:09.378693Z","created_by":"/bin/sh -c npm i || :"},{"created":"2020-03-31T00:05:09.5628351Z","created_by":"/bin/sh -c #(nop) COPY dir:3bc46db1fdac06f431fdc7b02310ed9ac946bf7210e2a328be5b18a0feb3dcb5 in ./ "},{"created":"2020-03-31T00:05:09.7341581Z","created_by":"/bin/sh -c #(nop) WORKDIR /home/app/","empty_layer":true},{"created":"2020-03-31T00:05:11.0962596Z","created_by":"/bin/sh -c chown app:app -R /home/app     \u0026\u0026 chmod 777 /tmp"},{"created":"2020-03-31T00:05:11.286163Z","created_by":"/bin/sh -c #(nop)  USER app","empty_layer":true},{"created":"2020-03-31T00:05:11.4381978Z","created_by":"/bin/sh -c #(nop)  ENV cgi_headers=true","empty_layer":true},{"created":"2020-03-31T00:05:11.5953607Z","created_by":"/bin/sh -c #(nop)  ENV fprocess=node index.js","empty_layer":true},{"created":"2020-03-31T00:05:11.7804905Z","created_by":"/bin/sh -c #(nop)  ENV mode=http","empty_layer":true},{"created":"2020-03-31T00:05:11.9311945Z","created_by":"/bin/sh -c #(nop)  ENV upstream_url=http://127.0.0.1:3000","empty_layer":true},{"created":"2020-03-31T00:05:12.0621475Z","created_by":"/bin/sh -c #(nop)  ENV exec_timeout=10s","empty_layer":true},{"created":"2020-03-31T00:05:12.238038Z","created_by":"/bin/sh -c #(nop)  ENV write_timeout=15s","empty_layer":true},{"created":"2020-03-31T00:05:12.3931526Z","created_by":"/bin/sh -c #(nop)  ENV read_timeout=15s","empty_layer":true},{"created":"2020-03-31T00:05:12.5410058Z","created_by":"/bin/sh -c #(nop)  HEALTHCHECK \u0026{[\"CMD-SHELL\" \"[ -e /tmp/.lock ] || exit 1\"] \"3s\" \"0s\" \"0s\" '\\x00'}","empty_layer":true},{"created":"2020-03-31T00:05:12.6921147Z","created_by":"/bin/sh -c #(nop)  CMD [\"fwatchdog\"]","empty_layer":true}],"os":"linux","rootfs":{"type":"layers","diff_ids":["sha256:df64d3292fd6194b7865d7326af5255db6d81e9df29f48adde61a918fbd8c332","sha256:cb18274b2dd164cdee39e92aef2d59482f2fac0f66edd2a863b5dbcab0048498","sha256:89099b8fbac6a6417b627290f40ff195ee4a81f0cc7b00d2391d5aa4cfc60fac","sha256:90e456ad09fbfbc4a5770de9f5b1abc6efe9b39e39f56ad14ee2450a9d20642a","sha256:90e456ad09fbfbc4a5770de9f5b1abc6efe9b39e39f56ad14ee2450a9d20642a","sha256:87607871568b7ff8a4166fdc5adf06a56a74485b219f9853e07ccd56690067fc","sha256:524e9fe1473a951dcbe0a9a334a80f1a37cf1ff5de9374a1673ee0edc824a47f","sha256:cac4212d99e8f3fbd933d3273a167ff36571e659d1cee490daf455ab0b24e75c","sha256:16bd701f84512e804b2e598b0a5d4e8b0240a87a7833488363f84ceedfa15845","sha256:e3d97af68636c2cbcaff251863cc1bb8a6ae280fa7f1546abf979b113c9d811d","sha256:17bab1371bfabad125ade18230ca849a41bec7e87d8b77d6096c485c37571152","sha256:b7ee2bd580e91eb9f7deab9d424a952260cb7202a95604d4dc61cb045c555688","sha256:53c94fd2a526ac7429dad1c3e85885cd8969bde3d6ceb5278fdb8a086932b0b6","sha256:3851c42e814ae4425df94a5449a3fa93f6f205c21130ccd4096790385aabb030","sha256:29b8c7484669ca417adf792489f3ed7c77cc2172470831a1bcf593b16066025a"]}}